RepoName,RepoLink
"
        Web-Scrapping",https://github.com/Phoenix009/Web-Scrapping
"
        MachineLearning",https://github.com/Phoenix009/MachineLearning
"
        Python",https://github.com/Phoenix009/Python
"
        SPA-QB",https://github.com/Phoenix009/SPA-QB
"
        Data_Science_and_Analysis-",https://github.com/Phoenix009/Data_Science_and_Analysis-
"
        Technobitz",https://github.com/Phoenix009/Technobitz
"
        Hello_World",https://github.com/Phoenix009/Hello_World
